Id,FirstName,LastName,Age,EmailAddress,Address,City,Phone
48,Austin,Ward,49,Jake.Timms@live.com,"8814 Gravesend Neck Road ",Daly City,(620) 260-4410
2,Sierra,Smith,15,Elizabeth.Wright@hotmail.com,"1199 Marshall Street ",Whittier,(655) 379-4362
27,Victorina,Radcliff,40,Bryce.Sanders@rogers.ca,"2663 Sutton Street ",Bloomington,(255) 365-0521
78,Melissa,Brandzin,39,Devin.Wright@telus.net,"7439 Knight Court ",Tool,(645) 343-2144
89,Kathryn,Perry,87,Hailey.Jenkins@hotmail.com,"5283 Vanderbilt Street ",Carlsbad,(747) 369-4849
91,Tanner,Bennett,22,Leslie.Reed@microsoft.com,"3977 Bowne Street ",Reno,(384) 213-7656
36,Raymundo,Barnes,75,Autumn.Reed@hotmail.com,"7141 Noel Avenue ",Colma,(339) 469-4287
2,Vanessa,Cook,52,Carlos.Perry@microsoft.com,"3283 Dorchester Road ",YrekaCounty seat,(701) 729-4719
51,Hunter,Perry,42,Andrew.Roberts@gmail.com,"2638 Grimes Road ",North Hopkins-Sulphur Bluff,(723) 362-1056
70,Steven,Ward,73,Haley.Timms@shaw.ca,"4177 Arkansas Drive ",Twentynine Palms,(739) 444-3253
91,Melanie,Powell,56,Brianna.Brooks@gmx.com,"1260 Rockaway Parkway ",San Luis ObispoCounty seat,(507) 778-2117
81,Jocelyn,Sanchez,13,Danyel.Jones@rogers.ca,"3549 Howard Avenue ",Oceanside,(436) 380-9510
24,Chase,Gomes,32,Lucas.Collins@shaw.ca,"1982 Smith Street ",Selkirk,(728) 670-4409
17,Zoe,Cook,51,Seth.Griffin@hotmail.com,"3727 Gravesend Neck Road ",Buda,(776) 655-7303
97,Sierra,Butler,14,Mackenzie.Price@microsoft.com,"1059 High Street ",Waller,(348) 696-8325
26,James,Ross,50,Paul.James@shaw.ca,"1823 Freeman Street ",Coteau-du-Lac,(211) 364-2268
6,James,MacDonald,49,Bailey.Hayes@hotmail.com,"4949 12th Avenue ",Emeryville,(710) 440-4429
16,Catherine,Wright,85,Ozella.Getzlaff@shaw.ca,"1639 Glenmore Avenue ",Prévost,(747) 637-9947
68,Claire,Turner,17,Alex.Hughes@telus.net,"8846 Ellery Street ",Saint-Césaire,(696) 620-7547
24,Vanessa,Jones,72,Katelyn.Gray@shaw.ca,"6079 Brighton 1st Street ",Taft Southwest,(384) 514-4290
11,Chloe,MacKenzie,78,Hailey.Hayes@hotmail.com,"6710 Campus Road ",Chino,(509) 605-6464
